,name,Flavours
890,Glucerna Hunger Smart Meal Shake, Chocolate
891,Glucerna Hunger Smart Meal Shake,Homemade  
576,Glucerna Hunger Smart Meal Shake, Chocolate
575,Glucerna Hunger Smart Meal Shake,Homemade  
882,Glucerna Hunger Smart Shake, Chocolate
883,Glucerna Hunger Smart Shake,Homemade  
568,Glucerna Hunger Smart Shake, Chocolate
567,Glucerna Hunger Smart Shake,Homemade  
1198,Glucerna Hunger Smart Shake,Creamy Strawberry
786,PediaSure Grow & Gain Shake Mix,Strawberry
478,PediaSure Grow & Gain Shake Mix,Chocolate
1104,PediaSure Grow & Gain Shake Mix,Chocolate
476,PediaSure Grow & Gain Shake Mix,Strawberry
790,PediaSure Grow & Gain Shake Mix,Chocolate
872,Pedialyte,Mixed Fruit
1157,Pedialyte,Grape
1151,Pedialyte,Unflavored
1150,Pedialyte,Strawberry
2133,Pedialyte,Bubble Gum
873,Pedialyte,Coconut Burst
2110,Pedialyte,Coconut Burst
529,Pedialyte,Grape
559,Pedialyte,Coconut Burst
558,Pedialyte,Mixed Fruit
556,Pedialyte,Strawberry
554,Pedialyte,Bubble Gum
557,Pedialyte,Unflavored
551,Pedialyte AdvancedCare,Cherry Punch
1497,Pedialyte AdvancedCare,Cherry Punch
550,Pedialyte AdvancedCare,Strawberry Lemonade
867,Pedialyte AdvancedCare,Strawberry Lemonade
866,Pedialyte AdvancedCare,Blue Raspberry
552,Pedialyte AdvancedCare,Blue Raspberry
865,Pedialyte AdvancedCare,Tropical Fruit
1496,Pedialyte AdvancedCare,Tropical Fruit
538,Pedialyte AdvancedCare,Tropical Fruit
833,Pedialyte AdvancedCare,Cherry Punch
1808,Pedialyte AdvancedCare Plus,Chilled Cherry Pomegranate
524,Pedialyte AdvancedCare Plus,Iced Grape
525,Pedialyte AdvancedCare Plus,Kiwi Berry Mist
549,Pedialyte AdvancedCare Plus,Orange Breeze
1177,Pedialyte AdvancedCare Plus,Berry Frost
1176,Pedialyte AdvancedCare Plus,Orange Breeze
1175,Pedialyte AdvancedCare Plus,Kiwi Berry Mist
1772,Pedialyte AdvancedCare Plus,Orange Breeze
1805,Pedialyte AdvancedCare Plus,Berry Frost
1155,Pedialyte AdvancedCare Plus,Iced Grape
545,Pedialyte AdvancedCare Plus,Chilled Cherry Pomegranate
1470,Pedialyte AdvancedCare Plus,Chilled Cherry Pomegranate
548,Pedialyte AdvancedCare Plus,Berry Frost
531,Pedialyte AdvancedCare Plus Powder Packs,Berry Frost
1160,Pedialyte AdvancedCare Plus Powder Packs,Strawberry Freeze
1161,Pedialyte AdvancedCare Plus Powder Packs,Orange Breeze
1459,Pedialyte AdvancedCare Plus Powder Packs,Variety  Berry Frost  Strawberry Freeze
829,Pedialyte AdvancedCare Plus Powder Packs,Berry Frost
530,Pedialyte AdvancedCare Plus Powder Packs,Orange Breeze
532,Pedialyte AdvancedCare Plus Powder Packs,Strawberry Freeze
1489,Pedialyte Powder Packs,Strawberry Lemonade
542,Pedialyte Powder Packs,Grape
1486,Pedialyte Powder Packs,Orange
1485,Pedialyte Powder Packs,Grape
1482,Pedialyte Powder Packs,Cherry
544,Pedialyte Powder Packs,Orange
543,Pedialyte Powder Packs,Cherry
1803,Pedialyte Powder Packs,Variety  Strawberry
540,Pedialyte Powder Packs,Variety  Strawberry
2118,Pedialyte Powder Packs,Fruit Punch
3057,Pedialyte Powder Packs,Strawberry Lemonade
2412,Pedialyte Powder Packs,Grape  Apple
2430,Pedialyte Powder Packs,Strawberry Lemonade
2431,Pedialyte Powder Packs,Grape  Apple
2742,Pedialyte Powder Packs,Variety  Cherry
541,Pedialyte Powder Packs,Strawberry Lemonade
3372,Pedialyte Powder Packs,Orange  Grape
875,Pedialyte Sparkling Rush Powder Packs,Grape
563,Pedialyte Sparkling Rush Powder Packs,Grape
562,Pedialyte Sparkling Rush Powder Packs,Cherry
878,Pedialyte Sparkling Rush Powder Packs,Cherry
935,ZonePerfect Macros Bar,White Chocolate Peanut  
937,ZonePerfect Macros Bar,Birthday Cake
620,ZonePerfect Macros Bar,Birthday Cake
622,ZonePerfect Macros Bar,White Chocolate Peanut  
1251,ZonePerfect Macros Bar,Birthday Cake
1252,ZonePerfect Macros Bar,Fruity Cereal
621,ZonePerfect Macros Bar,Fruity Cereal
4395,ZonePerfect Nutrition Bar,Sweet  Salty Cashew Pretzel
3131,ZonePerfect Nutrition Bar,Oatmeal Chocolate Chunk
3737,ZonePerfect Nutrition Bar,Strawberry Yogurt
2833,ZonePerfect Nutrition Bar,Fudge Graham
2517,ZonePerfect Nutrition Bar,Double Dark Chocolate
4093,ZonePerfect Nutrition Bar,Chocolate Caramel Cluster
3463,ZonePerfect Nutrition Bar,Salted Caramel Brownie
627,ZonePerfect Nutrition Bar,Chocolate Almond Raisin
1244,ZonePerfect Nutrition Bar,Chocolate Mint
943,ZonePerfect Nutrition Bar,Chocolate Chip Cookie Dough
1555,ZonePerfect Nutrition Bar,Chocolate Peanut  
2200,ZonePerfect Nutrition Bar,Dark Chocolate Almond
1858,ZonePerfect Nutrition Bar,Cinnamon Roll
