,0
0,https://www.nutriciahcp.com/adult/products/Fortisip_Compact/
1,https://www.nutriciahcp.com/adult/products/Fortisip_Compact_Fibre/
2,https://www.nutriciahcp.com/adult/products/Fortisip_Compact_Protein/
3,https://www.nutriciahcp.com/adult/products/Fortisip_2kcal/
4,https://www.nutriciahcp.com/adult/products/Fortisip_Extra/
5,https://www.nutriciahcp.com/adult/products/Fortisip_Bottle/
6,https://www.nutriciahcp.com/adult/products/Fortijuce/
7,https://www.nutriciahcp.com/adult/products/Fortisip_Yogurt_Style/
8,https://www.nutriciahcp.com/adult/products/Forticreme_Complete/
9,https://www.nutriciahcp.com/adult/products/Complan_Shake/
10,https://www.nutriciahcp.com/adult/products/Scandishake_Mix/
11,https://www.nutriciahcp.com/adult/products/Calogen/
12,https://www.nutriciahcp.com/adult/products/Calogen_Extra/
13,https://www.nutriciahcp.com/adult/products/Calogen_Extra_Shots/
14,https://www.nutriciahcp.com/adult/products/Renilon_7_5/
15,https://www.nutriciahcp.com/adult/products/Nutricia_preOp/
16,https://www.nutriciahcp.com/adult/products/FortiCare/
17,https://www.nutriciahcp.com/adult/products/Respifor/
18,https://www.nutriciahcp.com/adult/products/Nutilis_Clear/
19,https://www.nutriciahcp.com/adult/products/Nutilis_Powder/
20,https://www.nutriciahcp.com/adult/products/Nutilis_Complete_Drink_Level_2_(Coming_in_2020)/
21,https://www.nutriciahcp.com/adult/products/Nutilis_Complete_Drink_Level_3/
22,https://www.nutriciahcp.com/adult/products/Nutilis_Complete_Creme_Level_3/
23,https://www.nutriciahcp.com/adult/products/Nutilis_Fruit_Level_4/
24,https://www.nutriciahcp.com/adult/products/Protifar/
25,https://www.nutriciahcp.com/adult/products/Polycal_Powder/
26,https://www.nutriciahcp.com/adult/products/Polycal_Liquid/
27,https://www.nutriciahcp.com/adult/products/Super_Soluble_Maxijul/
28,https://www.nutriciahcp.com/adult/products/Nutrison/
29,https://www.nutriciahcp.com/adult/products/Nutrison_Multi_Fibre/
30,https://www.nutriciahcp.com/adult/products/Nutrison_Energy/
31,https://www.nutriciahcp.com/adult/products/Nutrison_Energy_Multi_Fibre/
32,https://www.nutriciahcp.com/adult/products/Nutrison_Energy_Multi_Fibre_Vanilla/
33,https://www.nutriciahcp.com/adult/products/Nutrison_800_Complete_Multi_Fibre/
34,https://www.nutriciahcp.com/adult/products/Nutrison_1000_Complete_Multi_Fibre/
35,https://www.nutriciahcp.com/adult/products/Nutrison_1200_Complete_Multi_Fibre/
36,https://www.nutriciahcp.com/adult/products/Nutrison_Protein_Intense/
37,https://www.nutriciahcp.com/adult/products/Nutrison_Advanced_Protison/
38,https://www.nutriciahcp.com/adult/products/Nutrison_Protein_Plus/
39,https://www.nutriciahcp.com/adult/products/Nutrison_Concentrated/
40,https://www.nutriciahcp.com/adult/products/Nutrison_Low_Sodium/
41,https://www.nutriciahcp.com/adult/products/Nutrison_Peptisorb/
42,https://www.nutriciahcp.com/adult/products/Nutrison_Soya/
43,https://www.nutriciahcp.com/adult/products/Nutrison_Soya_Multi_Fibre/
44,https://www.nutriciahcp.com/adult/products/Nutrison_MCT/
45,https://www.nutriciahcp.com/adult/products/Nutrison_Sterile_Water/
46,https://www.nutriciahcp.com/adult/products/Neocate_Syneo/
47,https://www.nutriciahcp.com/adult/products/Neocate_LCP/
48,https://www.nutriciahcp.com/adult/products/Neocate_Spoon/
49,https://www.nutriciahcp.com/adult/products/Neocate_Junior/
50,https://www.nutriciahcp.com/adult/products/Fortini_1_0_Multi_Fibre/
51,https://www.nutriciahcp.com/adult/products/Fortini/
52,https://www.nutriciahcp.com/adult/products/Fortini_Multi_Fibre/
53,https://www.nutriciahcp.com/adult/products/Fortini_Smoothie_Multi_Fibre/
54,https://www.nutriciahcp.com/adult/products/Fortini_Creamy_Fruit/
55,https://www.nutriciahcp.com/adult/products/Fortini_Compact_Multi_Fibre/
56,https://www.nutriciahcp.com/adult/products/Infatrini/
57,https://www.nutriciahcp.com/adult/products/Infatrini_Peptisorb/
58,https://www.nutriciahcp.com/adult/products/Nutrini/
59,https://www.nutriciahcp.com/adult/products/Nutrini_Multi_Fibre/
60,https://www.nutriciahcp.com/adult/products/Nutrini_Energy/
61,https://www.nutriciahcp.com/adult/products/Nutrini_Energy_Multi_Fibre/
62,https://www.nutriciahcp.com/adult/products/Nutrini_Low_Energy_Multi_Fibre/
63,https://www.nutriciahcp.com/adult/products/Nutrini_Peptisorb/
64,https://www.nutriciahcp.com/adult/products/Nutrini_Peptisorb_Energy/
65,https://www.nutriciahcp.com/adult/products/Tentrini/
66,https://www.nutriciahcp.com/adult/products/Tentrini_Multi_Fibre/
67,https://www.nutriciahcp.com/adult/products/Tentrini_Energy/
68,https://www.nutriciahcp.com/adult/products/Tentrini_Energy_Multi_Fibre/
69,https://www.nutriciahcp.com/adult/products/Elemental_028_Extra_Powder/
70,https://www.nutriciahcp.com/adult/products/Elemental_028_Extra_Liquid/
71,https://www.nutriciahcp.com/adult/products/PKU_GMPro/
72,https://www.nutriciahcp.com/adult/products/PKU_GMPro_LQ/
73,https://www.nutriciahcp.com/adult/products/Adamin-G/
74,https://www.nutriciahcp.com/adult/products/Carbohydrate_Free_Mixture/
75,https://www.nutriciahcp.com/adult/products/Cholesterol_Module/
76,https://www.nutriciahcp.com/adult/products/Complete_Amino_Acid_Mix/
77,https://www.nutriciahcp.com/adult/products/D-Mannose/
78,https://www.nutriciahcp.com/adult/products/Dialamine/
79,https://www.nutriciahcp.com/adult/products/Easiphen/
80,https://www.nutriciahcp.com/adult/products/Energivit/
81,https://www.nutriciahcp.com/adult/products/Essential_Amino_Acid_Mix/
82,https://www.nutriciahcp.com/adult/products/Flavour_Modjul/
83,https://www.nutriciahcp.com/adult/products/Flavour_Sachets/
84,https://www.nutriciahcp.com/adult/products/GA1_Anamix_Infant/
85,https://www.nutriciahcp.com/adult/products/GA1_Anamix_Junior/
86,https://www.nutriciahcp.com/adult/products/GA1_Maxamum/
87,https://www.nutriciahcp.com/adult/products/GTE_Oil/
88,https://www.nutriciahcp.com/adult/products/GTO_Oil/
89,https://www.nutriciahcp.com/adult/products/Galactomin_17/
90,https://www.nutriciahcp.com/adult/products/Galactomin_19/
91,https://www.nutriciahcp.com/adult/products/Glycine/
92,https://www.nutriciahcp.com/adult/products/HCU_Anamix_Infant/
93,https://www.nutriciahcp.com/adult/products/HCU_Anamix_Junior/
94,https://www.nutriciahcp.com/adult/products/HCU_Anamix_Junior_LQ/
95,https://www.nutriciahcp.com/adult/products/HCU_LV/
96,https://www.nutriciahcp.com/adult/products/HCU_Lophlex_LQ/
97,https://www.nutriciahcp.com/adult/products/HCU_Maxamum/
98,https://www.nutriciahcp.com/adult/products/IVA_Anamix_Infant/
99,https://www.nutriciahcp.com/adult/products/IVA_Anamix_Junior/
100,https://www.nutriciahcp.com/adult/products/KetoCal_2_5_1_LQ/
101,https://www.nutriciahcp.com/adult/products/KetoCal_2_5_1_LQ-6442435822/
102,https://www.nutriciahcp.com/adult/products/KetoCal_3_1/
103,https://www.nutriciahcp.com/adult/products/KetoCal_4_1_LQ/
104,https://www.nutriciahcp.com/adult/products/KetoCal_4_1_Powder/
105,https://www.nutriciahcp.com/adult/products/L-Alanine/
106,https://www.nutriciahcp.com/adult/products/L-Arginine/
107,https://www.nutriciahcp.com/adult/products/L-Carnitine/
108,https://www.nutriciahcp.com/adult/products/L-Citrulline/
109,https://www.nutriciahcp.com/adult/products/L-Cystine/
110,https://www.nutriciahcp.com/adult/products/L-Isoleucine/
111,https://www.nutriciahcp.com/adult/products/L-Leucine/
112,https://www.nutriciahcp.com/adult/products/L-Lysine/
113,https://www.nutriciahcp.com/adult/products/L-Ornithine/
114,https://www.nutriciahcp.com/adult/products/L-Serine/
115,https://www.nutriciahcp.com/adult/products/L-Tyrosine/
116,https://www.nutriciahcp.com/adult/products/L-Valine/
117,https://www.nutriciahcp.com/adult/products/Liquigen/
118,https://www.nutriciahcp.com/adult/products/Loprofin_Animal_Pasta/
119,https://www.nutriciahcp.com/adult/products/Loprofin_Cake_Mix/
120,https://www.nutriciahcp.com/adult/products/Loprofin_Cereal_Flakes/
121,https://www.nutriciahcp.com/adult/products/Loprofin_Cereal_Loops/
122,https://www.nutriciahcp.com/adult/products/Loprofin_Crackers/
123,https://www.nutriciahcp.com/adult/products/Loprofin_Drink/
124,https://www.nutriciahcp.com/adult/products/Loprofin_Egg_Replacer/
125,https://www.nutriciahcp.com/adult/products/Loprofin_Egg_White_Replacer/
126,https://www.nutriciahcp.com/adult/products/Loprofin_Fusilli/
127,https://www.nutriciahcp.com/adult/products/Loprofin_Fusilli(1)/
128,https://www.nutriciahcp.com/adult/products/Loprofin_Herb_Crackers/
129,https://www.nutriciahcp.com/adult/products/Loprofin_Lasagne/
130,https://www.nutriciahcp.com/adult/products/Loprofin_Lasagne(1)/
131,https://www.nutriciahcp.com/adult/products/Loprofin_Long_Spaghetti/
132,https://www.nutriciahcp.com/adult/products/Loprofin_Long_Spaghetti(1)/
133,https://www.nutriciahcp.com/adult/products/Loprofin_Macaroni/
134,https://www.nutriciahcp.com/adult/products/Loprofin_Macaroni(1)/
135,https://www.nutriciahcp.com/adult/products/Loprofin_Mix/
136,https://www.nutriciahcp.com/adult/products/Loprofin_Part_Baked_Bread_Rolls/
137,https://www.nutriciahcp.com/adult/products/Loprofin_Part_Baked_Sliced_Loaf/
138,https://www.nutriciahcp.com/adult/products/Loprofin_Penne/
139,https://www.nutriciahcp.com/adult/products/Loprofin_Penne(1)/
140,https://www.nutriciahcp.com/adult/products/Loprofin_Rice/
141,https://www.nutriciahcp.com/adult/products/Loprofin_Tagliatelle/
142,https://www.nutriciahcp.com/adult/products/Loprofin_Tagliatelle(2)/
143,https://www.nutriciahcp.com/adult/products/Lorenzo_s_Oil/
144,https://www.nutriciahcp.com/adult/products/Low_Fat_Module/
145,https://www.nutriciahcp.com/adult/products/MCT_Oil/
146,https://www.nutriciahcp.com/adult/products/MMA/PA_Anamix_Infant/
147,https://www.nutriciahcp.com/adult/products/MMA/PA_Anamix_Junior/
148,https://www.nutriciahcp.com/adult/products/MMA/PA_Maxamum/
149,https://www.nutriciahcp.com/adult/products/MSUD_Aid_III/
150,https://www.nutriciahcp.com/adult/products/MSUD_Anamix_Infant/
151,https://www.nutriciahcp.com/adult/products/MSUD_Anamix_Junior/
152,https://www.nutriciahcp.com/adult/products/MSUD_Anamix_Junior_LQ/
153,https://www.nutriciahcp.com/adult/products/MSUD_Lophlex_LQ/
154,https://www.nutriciahcp.com/adult/products/MSUD_Maxamum/
155,https://www.nutriciahcp.com/adult/products/Monogen/
156,https://www.nutriciahcp.com/adult/products/NKH_Anamix_Infant/
157,https://www.nutriciahcp.com/adult/products/PK_Aid-4/
158,https://www.nutriciahcp.com/adult/products/PKU_Anamix_First_Spoon/
159,https://www.nutriciahcp.com/adult/products/PKU_Anamix_Infant/
160,https://www.nutriciahcp.com/adult/products/PKU_Anamix_Junior/
161,https://www.nutriciahcp.com/adult/products/PKU_Anamix_Junior_LQ/
162,https://www.nutriciahcp.com/adult/products/PKU_Lophlex_LQ/
163,https://www.nutriciahcp.com/adult/products/PKU_Lophlex_Powder/
164,https://www.nutriciahcp.com/adult/products/PKU_Lophlex_Sensation/
165,https://www.nutriciahcp.com/adult/products/PKU_Maxamum/
166,https://www.nutriciahcp.com/adult/products/Paediatric_Seravit/
167,https://www.nutriciahcp.com/adult/products/Phlexy-10_Capsules/
168,https://www.nutriciahcp.com/adult/products/Phlexy-10_Drink_Mix/
169,https://www.nutriciahcp.com/adult/products/Phlexy-10_Tablets/
170,https://www.nutriciahcp.com/adult/products/Phlexy-Vits_Powder/
171,https://www.nutriciahcp.com/adult/products/Phlexy-Vits_Tablets/
172,https://www.nutriciahcp.com/adult/products/Polycal_Liquid/
173,https://www.nutriciahcp.com/adult/products/Polycal_Powder/
174,https://www.nutriciahcp.com/adult/products/SOD_Anamix_Infant/
175,https://www.nutriciahcp.com/adult/products/Sno_Pro/
176,https://www.nutriciahcp.com/adult/products/Super_Soluble_Maxijul/
177,https://www.nutriciahcp.com/adult/products/TYR_Anamix_Infant/
178,https://www.nutriciahcp.com/adult/products/TYR_Anamix_Junior/
179,https://www.nutriciahcp.com/adult/products/TYR_Anamix_Junior_LQ/
180,https://www.nutriciahcp.com/adult/products/TYR_Lophlex_LQ/
181,https://www.nutriciahcp.com/adult/products/TYR_Maxamum/
182,https://www.nutriciahcp.com/adult/products/XLYS_TRY_Glutaridon/
183,https://www.nutriciahcp.com/adult/products/XMET_Homidon/
184,https://www.nutriciahcp.com/adult/products/XMTVI_Asadon/
185,https://www.nutriciahcp.com/adult/products/XPHEN_TYR_Tyrosidon/
