name,ingredient
Ensure Clear Nutrition Drink ,Niacinamide
Ensure Clear Nutrition Drink ,Malic Acid
Ensure Clear Nutrition Drink ,Whey Protein Isolate. Less than 0.5% of: Natural Flavor
Ensure Clear Nutrition Drink ,Pyridoxine Hydrochloride
Ensure Clear Nutrition Drink ,Acesulfame Potassium
Ensure Clear Nutrition Drink ,Sucralose
Ensure Clear Nutrition Drink ,Red 40
Ensure Clear Nutrition Drink ,Citric Acid
Ensure Clear Nutrition Drink ,Sodium Molybdate
Ensure Clear Nutrition Drink ,Biotin
Ensure Clear Nutrition Drink ,Phosphoric Acid
Ensure Clear Nutrition Drink ,Corn Maltodextrin
Ensure Clear Nutrition Drink ,Copper Sulfate
Ensure Clear Nutrition Drink ,Manganese Sulfate
Ensure Clear Nutrition Drink ,Chromium Chloride
Ensure Clear Nutrition Drink ,Zinc Sulfate
Ensure Clear Nutrition Drink ,Riboflavin
Ensure Clear Nutrition Drink ,Thiamine Hydrochloride
Ensure Clear Nutrition Drink ,Sodium Selenate
Ensure Clear Nutrition Drink ,and Vitamin B12.                        
Ensure Clear Nutrition Drink ,Water
Ensure Clear Nutrition Drink ,Potassium Iodide
Ensure Clear Nutrition Drink ,Calcium Pantothenate
Ensure Clear Nutrition Drink ,Sugar
Ensure Clear Nutrition Drink ,Blue 1
Ensure Clear Nutrition Drink ,Ferrous Sulfate
Ensure Clear Therapeutic Nutrition Drink,Vitamin B12)
Ensure Clear Therapeutic Nutrition Drink,Vitamin A Palmitate
Ensure Clear Therapeutic Nutrition Drink,Whey Protein Isolate. Less than 0.5% of: Vitamins & Minerals (Ascorbic Acid
Ensure Clear Therapeutic Nutrition Drink,Corn Syrup Solids
Ensure Clear Therapeutic Nutrition Drink,and Natural & Artificial Flavor.                        
Ensure Clear Therapeutic Nutrition Drink,Phylloquinone
Ensure Clear Therapeutic Nutrition Drink,Folic Acid
Ensure Clear Therapeutic Nutrition Drink,Natural Flavor
Ensure Clear Therapeutic Nutrition Drink,Vitamin D3
Ensure Clear Therapeutic Nutrition Drink,dl-Alpha-Tocopheryl Acetate
Ensure Clear Therapeutic Nutrition Drink,and Red 40.                        
Ensure Compact Therapeutic Nutrition Shake,Potassium Hydroxide
Ensure Compact Therapeutic Nutrition Shake,Magnesium Phosphate
Ensure Compact Therapeutic Nutrition Shake,Canola Oil
Ensure Compact Therapeutic Nutrition Shake,Magnesium Chloride
Ensure Compact Therapeutic Nutrition Shake,Cocoa Powder (Processed with Alkali)
Ensure Compact Therapeutic Nutrition Shake,Salt
Ensure Compact Therapeutic Nutrition Shake,Soy Oil
Ensure Compact Therapeutic Nutrition Shake,Cellulose Gel
Ensure Compact Therapeutic Nutrition Shake,Potassium Phosphate
Ensure Compact Therapeutic Nutrition Shake,Corn Syrup
Ensure Compact Therapeutic Nutrition Shake,Calcium Carbonate
Ensure Compact Therapeutic Nutrition Shake,Ascorbic Acid
Ensure Compact Therapeutic Nutrition Shake,Carrageenan
Ensure Compact Therapeutic Nutrition Shake,Sodium Citrate
Ensure Compact Therapeutic Nutrition Shake,Natural & Artificial Flavor
Ensure Compact Therapeutic Nutrition Shake,Potassium Citrate
Ensure Compact Therapeutic Nutrition Shake,Calcium Phosphate
Ensure Compact Therapeutic Nutrition Shake,Choline Chloride
Ensure Compact Therapeutic Nutrition Shake,Magnesium Sulfate
Ensure Compact Therapeutic Nutrition Shake,Potassium Chloride
Ensure Compact Therapeutic Nutrition Shake,Corn Oil. Less than 0.5% of: Calcium Citrate
Ensure Compact Therapeutic Nutrition Shake,Soy Lecithin
Ensure Compact Therapeutic Nutrition Shake,Milk Protein Concentrate
Ensure Compact Therapeutic Nutrition Shake,Cellulose Gum
Ensure Compact Therapeutic Nutrition Shake,Hydrolyzed Sodium Caseinate
Ensure Enlive   ,Vitamin D3)
Ensure Enlive   ,Calcium Beta-Hydroxy-Beta-Methylbutyrate
Ensure Enlive   ,Sodium Caseinate
Ensure Enlive   ,Vitamin B12
Ensure Enlive   ,Whey Protein Concentrate. Less than 0.5% of: Vitamins & Minerals (Potassium Citrate
Ensure Enlive   ,Potassium Hydroxide. Less than 0.5% of: Vitamins & Minerals (Potassium Phosphate
Ensure Enlive   ,L-Carnitine
Ensure Enlive   ,Sodium Phosphate
Ensure Enlive   ,Short-chain Fructooligosaccharides
Ensure Enlive   ,Whey Protein Concentrate
Ensure Enlive   ,Soy Protein Isolate
Ensure Enlive   ,Magnesium Hydroxide
Ensure Enlive   ,Monoglycerides
Ensure Enlive   ,and Carrageenan.                        
Ensure Enlive   ,and Red 3.                        
Ensure Enlive   ,and Cellulose Gum.                        
Ensure Enlive   ,Corn Oil
Ensure High Protein Nutrition Shake,Canola Oil. Less than 0.5% of: Vitamins & Minerals (Magnesium Phosphate
Ensure High Protein Nutrition Shake,Gellan Gum
Ensure High Protein Nutrition Shake,and Sucralose.                        
Ensure High Protein Nutrition Shake,Caramel Color
Ensure High Protein Nutrition Shake,Canola Oil. Less than 0.5% of: Vitamins & Minerals (Calcium Carbonate
Ensure High Protein Nutrition Shake,Sodium Ascorbate
Ensure Light Nutrition Shake,Canola Oil. Less than 0.5% of: Vitamins & Minerals (Potassium Citrate
Ensure Light Nutrition Shake,Manganese Gluconate
Ensure Light Nutrition Shake,Sodium Selenite
Ensure Light Nutrition Shake,Zinc Gluconate
Ensure Light Nutrition Shake,Beta-Carotene
Ensure Max Protein,Calcium Caseinate. Less than 0.5% of: Vitamins & Minerals (Magnesium Phosphate
Ensure Max Protein,Folic acid
Ensure Max Protein,Calcium Caseinate
Ensure Max Protein,Colombian Coffee Extract
Ensure Max Protein,Sunflower Oil
Ensure Max Protein,Soluble Corn Fiber
Ensure Max Protein,Inulin
Ensure Max Protein,Natural & Artificial Flavor. Less than 0.5% of: Vitamins & Minerals (Magnesium Phosphate
Ensure Max Protein,Cocoa Powder (Processed with Alkali). Less than 0.5% of: Vitamins & Minerals (Magnesium Phosphate
Ensure Max Protein,and Blue 1.                        
Ensure Max Protein,Red 3
Ensure Original Nutrition Shake,Nonfat Milk
Ensure Original Nutrition Shake,Blend of Vegetable Oils (Canola
Ensure Original Nutrition Shake,Corn)
Ensure Original Nutrition Shake,Nonfat Milk. Less than 0.5% of: Vitamins & Minerals (Potassium Citrate
Ensure Original Nutrition Shake,Turmeric Color
Ensure Original Nutrition Shake,Cocoa Powder (Processed with Alkali). Less than 0.5% of: Vitamins & Minerals (Potassium Citrate
Ensure Original Nutrition Shake,Soy Protein Isolate. Less than 0.5% of: Vitamins & Minerals (Calcium Carbonate
Ensure Original Nutrition Shake,Biotin Vitamin D3
Ensure Plant-Based Protein Nutrition Shake,Chicory Root Fiber
Ensure Plant-Based Protein Nutrition Shake,Pea Protein Concentrate
Ensure Plant-Based Protein Nutrition Shake,Cocoa Powder (Processed with Alkali). Less than 0.5% of: Vitamins & Minerals (Calcium Phosphate
Ensure Plant-Based Protein Nutrition Shake,and Monk Fruit Extract.                        
Ensure Plant-Based Protein Nutrition Shake,Stevia Leaf Extract
Ensure Plant-Based Protein Nutrition Shake,Pea Protein Concentrate. Less than 0.5% of: Vitamins & Minerals (Calcium Phosphate
Ensure Plant-Based Protein Nutrition Shake,Oat Fiber
Ensure Plant-Based Protein Nutrition Shake,Sunflower Lecithin
Ensure Plant-Based Protein Nutrition Shake,Vitamin D3 [Plant-Based]
Ensure Plant-Based Protein Nutrition Shake,Fava Bean Protein Isolate
Ensure Plant-Based Protein Nutrition Shake,Organic Sugar
Ensure Plant-Based Protein Nutrition Shake,High Oleic Safflower Oil
Ensure Plus Nutrition Shake,and Salt.                        
Ensure Plus Nutrition Shake,Red #3
Ensure Plus Nutrition Shake,Soy Protein Isolate. Less than 0.5% of: Vitamins & Minerals (Potassium Citrate
Ensure Powder,Sodium Citrate. Less than 0.5% of: Potassium Chloride
Ensure Powder,and Cyanocobalamin.                        
Ensure Powder,Thiamine Chloride Hydrochloride
Ensure Powder,Artificial Flavor
Ensure Powder,Sodium & Calcium Caseinates
Ensure Powder,Cupric Sulfate
Ensure Pre-Surgery Clear Carbohydrate Drink,Fructose. Less than 0.5% of: Natural Flavor
Ensure Pre-Surgery Clear Carbohydrate Drink,and Sodium Selenate.                        
Ensure Pudding,Ferric Phosphate
Ensure Pudding,Vitamins & Minerals (Magnesium Phosphate
Ensure Pudding,Modified Corn Starch
Ensure Pudding,Copper sulfate
Ensure Pudding,Cocoa (Processed with Alkali)
Ensure Pudding,Vitamins & Minerals (Potassium Citrate
Ensure Pudding,and Turmeric Color.                        
Ensure Pudding,Sodium Stearoyl Lactylate
Ensure Pudding,vitamin B12
Ensure Rapid Hydration Electrolyte Powder Packs,Natural & Artificial Flavor. Less than 2% of: Calcium Silicate
Ensure Rapid Hydration Electrolyte Powder Packs,Natural Flavor. Less than 2% of: Calcium Silicate
Ensure Rapid Hydration Electrolyte Powder Packs,Anhydrous Dextrose
Ensure Surgery Immunonutrition Shake,Fish Oil (Contains One or More of the Following: Anchovy
Ensure Surgery Immunonutrition Shake,Mixed Tocopherols
Ensure Surgery Immunonutrition Shake,Salmon
Ensure Surgery Immunonutrition Shake,Sardine
Ensure Surgery Immunonutrition Shake,Tuna)
Ensure Surgery Immunonutrition Shake,Short-Chain Fructooligosaccharides
Ensure Surgery Immunonutrition Shake,Medium-Chain Triglycerides
Ensure Surgery Immunonutrition Shake,Cod
Ensure Surgery Immunonutrition Shake,Pollock
Ensure Surgery Immunonutrition Shake,Gum Arabic
Ensure Surgery Immunonutrition Shake,Menhaden
Ensure Surgery Immunonutrition Shake,Ascorbyl Palmitate
Ensure Surgery Immunonutrition Shake,Citric Acid. Less than 0.5% of: Natural & Artificial Flavor
Ensure Surgery Immunonutrition Shake,Rosemary Extract
Ensure Surgery Immunonutrition Shake,L-Arginine
Ensure Surgery Immunonutrition Shake,and Vitamin D3.                        
Glucerna 1.0 Cal,Taurine
Glucerna 1.0 Cal,Soy Fiber
Glucerna 1.0 Cal,Inositol
Glucerna 1.0 Cal,Fructose
Glucerna Hunger Smart Meal Shake,Glycerin
Glucerna Hunger Smart Meal Shake,Milk Protein Concentrate. Less than 2% of: Fructose
Glucerna Hunger Smart Meal Shake,Cocoa Powder (Processed with Alkali). Less than 2% of: Fructose
Glucerna Hunger Smart Shake,Corn Starch
Glucerna Hunger Smart Shake,Fructose. Less than 2% of: Canola Oil
Glucerna Hunger Smart Shake,Liquid Sucralose Concentrate
Glucerna Hunger Smart Shake,Milk Protein Concentrate. Less than 2% of: Canola Oil
Glucerna Mini Treats,Peanut Butter
Glucerna Mini Treats,Copper Gluconate
Glucerna Mini Treats,Oat Bran. Less than 2% of the Following: Whey Protein Concentrate
Glucerna Mini Treats,Crisp Soy Nuggets (Soy Protein Isolate
Glucerna Mini Treats,Lactic Acid Powder [Modified Corn Starch
Glucerna Mini Treats,Butter [Cream
Glucerna Mini Treats,Cocoa Powder [Processed with Alkali]
Glucerna Mini Treats,Raisins
Glucerna Mini Treats,Fruit Syrup (Brown Rice Syrup
Glucerna Mini Treats,Peanuts
Glucerna Mini Treats,Salt)
Glucerna Mini Treats,Soy Lecithin)
Glucerna Mini Treats,Vanilla Extract)
Glucerna Mini Treats,Zinc Oxide
Glucerna Mini Treats,Guar Gum
Glucerna Mini Treats,Natural & Artificial Flavors
Glucerna Mini Treats,Palm Kernel Oil
Glucerna Mini Treats,Cocoa Butter. Less than 2% of the Following: High Fructose Corn Syrup
Glucerna Mini Treats,Natural Flavors
Glucerna Mini Treats,High Oleic Safflower Oil. Less than 2% of the Following: Cellulose Gel
Glucerna Mini Treats,Polydextrose
Glucerna Mini Treats,White Grape Juice)
Glucerna Mini Treats,Chocolate Flavored Coating (Lactitol
Glucerna Mini Treats,Rice Flour
Glucerna Mini Treats,Acesulfame Potassium)
Glucerna Mini Treats,Vanilla Extract
Glucerna Mini Treats,High Fructose Corn Syrup
Glucerna Mini Treats,Magnesium Oxide
Glucerna Mini Treats,Honey
Glucerna Mini Treats,Malt Extract
Glucerna Mini Treats,Honey)
Glucerna Mini Treats,Salt]
Glucerna Mini Treats,Partially Defatted Peanut Flour
Glucerna Mini Treats,Toasted Oats (Rolled Oats
Glucerna Mini Treats,Lactic Acid]
Glucerna Mini Treats,Thiamine Mononitrate
Glucerna Mini Treats,Nonfat Yogurt Powder [Cultured Nonfat Milk]
Glucerna Mini Treats,Cream
Glucerna Mini Treats,Titanium Dioxide
Glucerna Mini Treats,Caramel (Maltitol Syrup
Glucerna Mini Treats,Yogurt Flavored Coating (Lactitol
Glucerna Shake ,Canola Oil. Less than 2% of: Glycerin
Glucerna Shake ,Canola Oil. Less Than 2% Of: Glycerin
Glucerna Snack Bars,Tapioca Starch
Glucerna Snack Bars,Syrup (White Grape Juice
Glucerna Snack Bars,Sorbitan Tristearate
Glucerna Snack Bars,Chocolate Powder (Cocoa Powder
Glucerna Snack Bars,Cocoa [Processed with Alkali]
Glucerna Snack Bars,Tricalcium Phosphate
Glucerna Snack Bars,Locust Bean Gum)
Glucerna Snack Bars,Natural & Artificial Flavors)
Glucerna Snack Bars,Short-chain Fructooligosaccharides. Less than 2% of: Raisins
Glucerna Snack Bars,Xanthan Gum
Glucerna Snack Bars,Sorbitol
Glucerna Snack Bars,Almonds
Glucerna Snack Bars,Chocolate Liquor
Glucerna Snack Bars,Locust Bean Gum
Glucerna Snack Bars,Egg Whites
Glucerna Snack Bars,Chocolate Flavored Chips (Maltitol
Glucerna Snack Bars,Gluten-Free Rolled Oats
Glucerna Snack Bars,Peanut Layer (Maltitol
Glucerna Snack Bars,Soy Protein Nuggets (Soy Protein Isolate
Glucerna Snack Bars,Cocoa
Glucerna Snack Bars,Dipotassium Phosphate
Glucerna Snack Bars,Sunflower Seeds
Glucerna Snack Bars,Cocoa Soy Crisps (Soy Protein Isolate
Glucerna Snack Bars,Chocolatey Layer (Maltitol
Glucerna Snack Bars,Peanut Flour
Glucerna Snack Bars,Xanthan Gum)
Glucerna Snack Bars,Brown Rice Syrup)
Glucerna Snack Bars,Tapioca Starch)
Glucerna Snack Bars,Chocolate Liquor [Processed With Alkali]
Glucerna Snack Bars,Marshmallow Binder (Maltitol
Glucerna Snack Bars,Vanilla Powder)
Glucerna Snack Bars,Tocopherols
Glucerna Snack Bars,Cocoa Fructose Liquid (Fructose
Glucerna Snack Bars,Cocoa Butter
Glucerna Snack Bars,Ascorbic Acid)
Glucerna Snack Bars,Peanuts. Less than 2% of: Dutch Cocoa Powder
Glucerna Snack Shake,Glycerin. Less than 1% of: Sodium Caseinate
Glucerna Snack Shake,Cocoa Powder (Processed with Alkali). Less than 1% of: Sodium Caseinate
Go & Grow by Similac NON-GMO Milk-Based Toddler Drink Powder With 2'-FL HMO,Cyanocobalamin
Go & Grow by Similac NON-GMO Milk-Based Toddler Drink Powder With 2'-FL HMO,Sodium Chloride
Go & Grow by Similac NON-GMO Milk-Based Toddler Drink Powder With 2'-FL HMO,Coconut Oil. Less than 2% of: C. Cohnii Oil
Go & Grow by Similac NON-GMO Milk-Based Toddler Drink Powder With 2'-FL HMO,and Potassium Hydroxide.                        
Go & Grow by Similac NON-GMO Milk-Based Toddler Drink Powder With 2'-FL HMO,m-Inositol
Go & Grow by Similac NON-GMO Milk-Based Toddler Drink Powder With 2'-FL HMO,d-Alpha-Tocopheryl Acetate
Go & Grow by Similac NON-GMO Milk-Based Toddler Drink Powder With 2'-FL HMO,Lactose
Go & Grow by Similac NON-GMO Milk-Based Toddler Drink Powder With 2'-FL HMO,2'-Fucosyllactose
Go & Grow by Similac NON-GMO Milk-Based Toddler Drink Powder With 2'-FL HMO,Lycopene
Go & Grow by Similac NON-GMO Milk-Based Toddler Drink Powder With 2'-FL HMO,Lutein
Go & Grow by Similac Sensitive NON-GMO Toddler Drink Powder,M. Alpina Oil
Go & Grow by Similac Sensitive NON-GMO Toddler Drink Powder,Coconut Oil
Go & Grow by Similac Sensitive NON-GMO Toddler Drink Powder,L-Cystine Dihydrochloride
Go & Grow by Similac Sensitive NON-GMO Toddler Drink Powder,Milk Protein Isolate
Go & Grow by Similac Sensitive NON-GMO Toddler Drink Powder,Calcium Phosphate. Less than 2% of: C. Cohnii Oil
Go & Grow by Similac Sensitive NON-GMO Toddler Drink Powder,Galactooligosaccharides
Nepro with CARBSTEADY Shake,Sodium)
Nepro with CARBSTEADY Shake,Caseinates (Calcium
Nepro with CARBSTEADY Shake,Short-Chain Fructooligosaccharides. Less than 1.0% of: Soy Lecithin
Nepro with CARBSTEADY Shake,Calcium Citrate
Nepro with CARBSTEADY Shake,Magnesium
Nepro with CARBSTEADY Shake,Glycerine
PediaSure 1.5 Cal,and Lutein.                        
PediaSure 1.5 Cal,Tuna Oil
PediaSure 1.5 Cal,Soy
PediaSure 1.5 Cal,Medium Chain Triglycerides)
PediaSure 1.5 Cal,Blend of Vegetable Oils (High Oleic Safflower
PediaSure 1.5 Cal with Fiber,Short-chain Fructooligosaccharides. Less than 0.5% of: Vitamins & Minerals (Potassium Citrate
PediaSure Enteral 1.0 Cal,Soy Protein Isolate. Less than 0.5% of: Vitamins & Minerals (Potassium Phosphate
PediaSure Enteral 1.0 Cal,Tuna Oil (Source of docosahexaenoic acid [DHA])
PediaSure Enteral 1.0 Cal with Fiber,Short-chain Fructooligosaccharides. Less than 0.5% of: Vitamins & Minerals (Potassium Phosphate
PediaSure Grow & Gain Organic Shake,C. Cohnii Oil
PediaSure Grow & Gain Organic Shake,Organic Nonfat Milk
PediaSure Grow & Gain Organic Shake,Blend of Organic Vegetable Oils (Soy
PediaSure Grow & Gain Organic Shake,and Natural Flavor.                        
PediaSure Grow & Gain Organic Shake,Organic Milk Protein Concentrate
PediaSure Grow & Gain Organic Shake,Organic Milk Protein Concentrate. Less than 0.5% of: Vitamins & Minerals (Potassium Citrate
PediaSure Grow & Gain Organic Shake,Organic Corn Maltodextrin
PediaSure Grow & Gain Organic Shake,Organic Soy Lecithin
PediaSure Grow & Gain Organic Shake,High Oleic Sunflower)
PediaSure Grow & Gain Organic Shake,Organic Cocoa Powder (processed with alkali). Less than 0.5% of: Vitamins & Minerals (Potassium Chloride
PediaSure Grow & Gain Organic Shake,Organic Cane Sugar
PediaSure Grow & Gain Shake,Monk Fruit Extract
PediaSure Grow & Gain Shake,Nonfat Milk. Less than 0.5% of: Vitamins & Minerals (Calcium Phosphate
PediaSure Grow & Gain Shake,Natural & Artificial Flavor. Less than 0.5% of: Vitamins & Minerals (Calcium Phosphate
PediaSure Grow & Gain Shake Mix,Beet Powder Color
PediaSure Grow & Gain Shake Mix,Lactobacillus Acidophilus
PediaSure Grow & Gain Shake Mix,Short-chain Fructooligosaccharides. Less than 2% of: Medium chain Triglycerides
PediaSure Grow & Gain Shake Mix,Medium chain Triglycerides
PediaSure Grow & Gain Shake Mix,High Oleic Sunflower
PediaSure Grow & Gain Shake Mix,L-Carnitine Tartrate
PediaSure Grow & Gain Shake Mix,Sunflower)
PediaSure Grow & Gain Shake Mix,Short-chain Fructooligosaccharides. Less than 2% of: Natural & Artificial Flavor
PediaSure Grow & Gain with Fiber Shake,Canola)
PediaSure Grow & Gain with Fiber Shake,Soy Fiber. Less than 0.5% of: Vitamins & Minerals (Potassium Citrate
PediaSure Harvest,Organic Banana Puree
PediaSure Harvest,L-Lysine
PediaSure Harvest,Organic Spinach Puree
PediaSure Harvest,Organic Broccoli Puree
PediaSure Harvest,Organic Carrot Juice Concentrate
PediaSure Harvest,Chicken Broth. Less than 0.5% of: Soy Lecithin
PediaSure Harvest,Organic Rice Maltodextrin
PediaSure Harvest,and Potassium Iodide.                        
PediaSure Harvest,Organic Pumpkin Puree
PediaSure Harvest,Organic Rice Protein Concentrate
PediaSure Harvest,Organic Milled Whole Grain Brown Rice
PediaSure Harvest,Organic Mango Puree
PediaSure Peptide 1.0 Cal,Structured Lipid (Interesterified Canola Oil & Medium Chain Triglycerides)
PediaSure Peptide 1.0 Cal,Hydrolyzed Sodium Caseinate. Less than 0.5% of: Vitamins & Minerals (Calcium Phosphate
PediaSure Peptide 1.0 Cal,Whey Protein Hydrolysate
PediaSure Peptide 1.0 Cal,Hydrolyzed Sodium Caseinate. Less than 0.5% of the Following: Vitamins & Minerals (Calcium Phosphate
PediaSure Peptide 1.5 Cal,Short-chain Fructooligosaccharides. Less than 0.5% of: Vitamins & Minerals (Calcium Phosphate
PediaSure SideKicks Shake,and L-Carnitine.                        
PediaSure SideKicks Shake,Soy)
PediaSure SideKicks Shake,Corn
Pedialyte,Dextrose. Less than 2% of: Citric Acid
Pedialyte,Dextrose. Less than 2% of: Potassium Citrate
Pedialyte,and Zinc Gluconate.                        
Pedialyte,and Yellow 6.                        
Pedialyte AdvancedCare,Dextrose. Less than 1.0% of: Galactooligosaccharides
Pedialyte AdvancedCare Plus,Dextrose. Less than 1% of: Galactooligosaccharides
Pedialyte AdvancedCare Plus,Yellow 6
Pedialyte AdvancedCare Plus Powder Packs,Sodium Citrate. Less than 2% of: Natural & Artificial Flavor
Pedialyte AdvancedCare Plus Powder Packs,Calcium Silicate
Pedialyte Freezer Pops,Anhydrous Dextrose; Less than 2% of: Citric Acid
Pedialyte Freezer Pops,Red 40)
Pedialyte Freezer Pops,Cherry (Water
Pedialyte Freezer Pops,Sodium Benzoate (Preservative)
Pedialyte Freezer Pops,Blue 1)
Pedialyte Freezer Pops,Potassium Sorbate (Preservative)
Pedialyte Freezer Pops,Grape (Water
Pedialyte Freezer Pops,Blue Raspberry (Water
Pedialyte Freezer Pops,and Orange (Water
Pedialyte Freezer Pops,Red 40).                        
Pedialyte Powder Packs,Apple (Anhydrous Dextrose
Pedialyte Powder Packs,Sodium Citrate; Less than 2% of: Artificial Flavor
Pedialyte Powder Packs,Sodium Citrate. Less than 2% of: Calcium Silicate
Pedialyte Powder Packs,Sodium Citrate; Less than 2% of: Natural & Artificial Flavor
Pedialyte Powder Packs,and Strawberry (Anhydrous Dextrose
Pedialyte Powder Packs,Blue 1).                        
Pedialyte Powder Packs,Grape (Anhydrous Dextrose
Pedialyte Powder Packs,Natural Flavor; Less than 2% of: Calcium Silicate
Pedialyte Powder Packs,Fruit Punch (Anhydrous Dextrose
Pedialyte Sparkling Rush Powder Packs,Sodium Bicarbonate
Pedialyte Sparkling Rush Powder Packs,Maltodextrin. Less than 2% of: Natural & Artificial Flavor
Pedialyte Sparkling Rush Powder Packs,Potassium Bicarbonate
Similac 10% Glucose Water,and Dextrose Anhydrous.                        
Similac Advance Infant Formula Concentrated Liquid,Disodium Guanosine 5’-Monophosphate
Similac Advance Infant Formula Concentrated Liquid,and Nucleotides (Adenosine 5’-Monophosphate
Similac Advance Infant Formula Concentrated Liquid,Whey Protein Concentrate. Less than 1.0% of: C. Cohnii Oil
Similac Advance Infant Formula Concentrated Liquid,Cytidine 5’-Monophosphate
Similac Advance Infant Formula Concentrated Liquid,Disodium Uridine 5’-Monophosphate).                        
Similac Advance Infant Formula Concentrated Liquid,Choline Bitartrate
Similac Advance Infant Formula Powder,Galactooligosaccharides. Less than 2% of: C. Cohnii Oil
Similac Advance Infant Formula Ready-to-Feed,Whey Protein Concentrate. Less than 0.5% of: C. Cohnii Oil
Similac Alimentum Infant Formula Powder,Corn Maltodextrin (35%)
Similac Alimentum Infant Formula Powder,Casein Hydrolysate [Derived from Milk] (18%)
Similac Alimentum Infant Formula Powder,Sugar (15%)
Similac Alimentum Infant Formula Powder,DATEM
Similac Alimentum Infant Formula Powder,Medium-Chain Triglycerides (10%)
Similac Alimentum Infant Formula Powder,High Oleic Safflower Oil (10%)
Similac Alimentum Infant Formula Powder,L-Tryptophan
Similac Alimentum Infant Formula Powder,Soy Oil (8%). Less than 2% of: C. Cohnii Oil
Similac Alimentum Infant Formula Powder,L-Tyrosine
Similac Alimentum Infant Formula Ready-to-Feed,Soy Oil (1%). Less than 0.5% of: C. Cohnii Oil
Similac Alimentum Infant Formula Ready-to-Feed,Medium Chain Triglycerides (1%)
Similac Alimentum Infant Formula Ready-to-Feed,Modified Tapioca Starch (2%)
Similac Alimentum Infant Formula Ready-to-Feed,Casein Hydrolysate [Derived from Milk] (2%)
Similac Alimentum Infant Formula Ready-to-Feed,Safflower Oil (1%)
Similac Alimentum Infant Formula Ready-to-Feed,Sugar (4%)
Similac Alimentum Infant Formula Ready-to-Feed,Water (87%)
Similac Alimentum Infant Formula Ready-to-Feed,Calcium Hydroxide
Similac For Spit-Up Infant Formula Powder,Modified Rice Starch
Similac For Spit-Up Infant Formula Ready-To-Feed,Galactooligosaccharides. Less than 0.5% of: C. Cohnii Oil
Similac For Spit-Up Infant Formula Ready-To-Feed,Rice Starch
Similac Human Milk Fortifier Powder,Vitamins (Vitamin A Palmitate
Similac Human Milk Fortifier Powder,m-Inositol)
Similac Human Milk Fortifier Powder,Sodium Selenate)
Similac Human Milk Fortifier Powder,and Less than 2% of the Following:.                        
Similac Human Milk Fortifier Powder,Thiamin Chloride Hydrochloride
Similac Human Milk Fortifier Powder,Minerals (Magnesium Chloride
Similac Human Milk Fortifier Powder,Potassium Citrate. Less than 2% of: Soy Lecithin
Similac NeoSure Infant Formula Ready-to-Feed,Coconut Oil. Less than 0.5% of: C. Cohnii Oil
Similac NeoSure Infant Formula Ready-to-Feed,Medium chain Triglycerides. Less than 0.5% of: C. Cohnii Oil
Similac Organic Infant Formula Powder,Organic Coconut Oil. Less than 2% of: C. Cohnii Oil
Similac Organic Infant Formula Powder,Disodium Uridine 5’-Monophosphate
Similac Organic Infant Formula Powder,Organic High Oleic Sunflower Oil
Similac Organic Infant Formula Powder,Organic Maltodextrin
Similac Organic Infant Formula Powder,Organic Soy Oil
Similac Organic Infant Formula Powder,and Nucleotides (Cytidine 5’-Monophosphate
Similac Organic Infant Formula Powder,Adenosine 5’-Monophosphate).                        
Similac Organic Infant Formula Powder,Fructooligosaccharides
Similac Organic Infant Formula Ready-to-Feed,Organic Coconut Oil. Less than 0.5% of: C. Cohnii Oil
Similac PM 60/40 Infant Formula Powder,Sodium Caseinate. Less than 2% of: Potassium Citrate
Similac Pro-Sensitive NON-GMO Infant Formula Ready-to-Feed,Maltodextrin
Similac Sensitive Infant Formula Concentrated Liquid,Galactooligosaccharides. Less than 1% of: C. Cohnii Oil
Similac Soy Isomil Infant Formula Concentrated Liquid,Soy Protein Isolate (4%)
Similac Soy Isomil Infant Formula Concentrated Liquid,Coconut Oil (1.9%)
Similac Soy Isomil Infant Formula Concentrated Liquid,Modified Corn Starch (1.0%). Less than 1% of: C. Cohnii Oil
Similac Soy Isomil Infant Formula Concentrated Liquid,Water (75%)
Similac Soy Isomil Infant Formula Concentrated Liquid,High Oleic Safflower Oil (3%)
Similac Soy Isomil Infant Formula Concentrated Liquid,Soy Oil (2%)
Similac Soy Isomil Infant Formula Concentrated Liquid,L-Methionine
Similac Soy Isomil Infant Formula Concentrated Liquid,Corn Syrup (12%)
Similac Soy Isomil Infant Formula Concentrated Liquid,Sugar (2%)
Similac Soy Isomil Infant Formula Powder,High Oleic Safflower Oil (11%)
Similac Soy Isomil Infant Formula Powder,Sugar (10%)
Similac Soy Isomil Infant Formula Powder,Coconut Oil (8%). Less than 2% of: C. Cohnii Oil
Similac Soy Isomil Infant Formula Powder,Soy Protein Isolate (15%)
Similac Soy Isomil Infant Formula Powder,Corn Syrup Solids (40%)
Similac Soy Isomil Infant Formula Powder,Corn Syrup Solids (39%)
Similac Soy Isomil Infant Formula Powder,Soy Protein Isolate (14%)
Similac Soy Isomil Infant Formula Powder,Soy Oil (8%)
Similac Soy Isomil Infant Formula Ready-to-Feed,Soy Protein Isolate (2%)
Similac Soy Isomil Infant Formula Ready-to-Feed,High Oleic Safflower Oil (1%)
Similac Soy Isomil Infant Formula Ready-to-Feed,Coconut Oil (1%). Less than 0.5% of: C. Cohnii Oil
Similac Soy Isomil Infant Formula Ready-to-Feed,Sugar (1%)
Similac Soy Isomil Infant Formula Ready-to-Feed,Corn Syrup (6%)
Similac Soy Isomil Infant Formula Ready-to-Feed,Soy Oil (1%)
Similac Special Care 30 ,Lactose. Less than 0.5% of: C. Cohnii Oil
ZonePerfect Carb Wise Powder,Biotin [Vit. B7]
ZonePerfect Carb Wise Powder,Cyanocobalamin [Vit. B12]).                        
ZonePerfect Carb Wise Powder,Phylloquinone [Vit. K1]
ZonePerfect Carb Wise Powder,Pyridoxine Hydrochloride [Vit. B6]
ZonePerfect Carb Wise Powder,dl-Alpha-Tocopheryl Acetate [Vit. E]
ZonePerfect Carb Wise Powder,Natural Flavors. Less than 2% of: Sea Salt
ZonePerfect Carb Wise Powder,Cholecalciferol [Vit. D3]
ZonePerfect Carb Wise Powder,and Vitamin & Mineral Blend (Ferrous Sulfate [Iron]
ZonePerfect Carb Wise Powder,Milk Protein Isolate. Less than 2% of: Sea Salt
ZonePerfect Carb Wise Powder,Niacinamide [Vit. B3]
ZonePerfect Carb Wise Powder,Riboflavin [Vit. B2]
ZonePerfect Carb Wise Powder,Folic Acid [Vit. B9]
ZonePerfect Carb Wise Powder,Calcium Pantothenate [Vit. B5]
ZonePerfect Carb Wise Powder,Thiamine Hydrochloride [Vit. B1]
ZonePerfect Carb Wise Shake,and Vitamin & Minerals (Potassium Phosphate
ZonePerfect Carb Wise Shake,Folic Acid [Vit. B7]
ZonePerfect Carb Wise Shake,Cyanobobalamin [Vit. B12]).                        
ZonePerfect Carb Wise Shake,Sodium Ascorbate [Vit. C]
ZonePerfect Carb Wise Shake,Calcium Caseinate. Less than 2% of: Cocoa (Processed with Alkali)
ZonePerfect Carb Wise Shake,Calcium Caseinate. Less than 2% of: Natural & Artificial Flavors
ZonePerfect Carb Wise Shake,Calcium Caseinate. Less than 2% of: Natural Flavor
ZonePerfect High Protein Shake,and Vitamin & Mineral Blend (Potassium Phosphate
ZonePerfect High Protein Shake,Calcium Pantothenate ]Vit. B5]
ZonePerfect Keto Shake,Medium-Chain Triglycerides). Less than 1% of: Almond Butter
ZonePerfect Keto Shake,Monopotassium Phosphate
ZonePerfect Keto Shake,Gum Acacia
ZonePerfect Keto Shake,Filtered Water
ZonePerfect Keto Shake,Sodium Ascorbate (Vitamin C - For Freshness)
ZonePerfect Keto Shake,Medium-Chain Triglycerides)
ZonePerfect Keto Shake,Structured Lipid (Interesterified Canola
ZonePerfect Keto Shake,and Gellan Gum.                        
ZonePerfect Keto Shake,Organic Stevia
ZonePerfect Keto Shake,Cold Brew Coffee Extract. Less than 1% of: Almond Butter
ZonePerfect Keto Shake,Coconut Cream
ZonePerfect Keto Shake,Caffeine
ZonePerfect Macros Bar,Maltitol
ZonePerfect Macros Bar,Peanut Butter Layer (Maltitol Syrup
ZonePerfect Macros Bar,Glycerine)
ZonePerfect Macros Bar,Annato
ZonePerfect Macros Bar,Blueberry Powder
ZonePerfect Macros Bar,Dextrin
ZonePerfect Macros Bar,Ferrous Fumarate [Iron]
ZonePerfect Macros Bar,Thiamine Mononitrate [Vit. B1]
ZonePerfect Macros Bar,Citric Acid)
ZonePerfect Macros Bar,Isomalto-Oligosaccharide (from Tapioca)
ZonePerfect Macros Bar,Dates
ZonePerfect Macros Bar,Beta-Carotene Color
ZonePerfect Macros Bar,Vegetable Juice Extract [For Color]
ZonePerfect Macros Bar,Carnauba Wax Colored with Curcumin
ZonePerfect Macros Bar,and Vitamin & Mineral Blend (Calcium Phosphate
ZonePerfect Macros Bar,Turmeric
ZonePerfect Macros Bar,Soybean Oil
ZonePerfect Macros Bar,Ascorbic Acid [Vit. C]
ZonePerfect Macros Bar,Fruit Juice Extract [For Color]
ZonePerfect Macros Bar,Sodium Bicarbonate)
ZonePerfect Macros Bar,Palm Oil and Palm Kernel Oil
ZonePerfect Macros Bar,Marshmallow (Maltitol
ZonePerfect Macros Bar,Prunes
ZonePerfect Macros Bar,Gum Arabic. Less than 2% of: Natural Flavors
ZonePerfect Macros Bar,Cellulose Gum)
ZonePerfect Macros Bar,Peanut Flour. Less than 2% of the Following: Salt
ZonePerfect Macros Bar,Whole Grain Wheat Flour
ZonePerfect Macros Bar,Vitamin B12).                        
ZonePerfect Macros Bar,Fat Replacer (White Grape Juice Concentrate
ZonePerfect Macros Bar,Blueberry Flavored Nuggets (Sugar
ZonePerfect Macros Bar,Gum Arabic. Less than 2% of: Strawberry Flavored Nuggets (Sugar
ZonePerfect Macros Bar,Strawberry Powder
ZonePerfect Macros Bar,Confectioner's Glaze
ZonePerfect Macros Bar,Beet Juice
ZonePerfect Macros Bar,Fractionated Palm Kernel Oil
ZonePerfect Macros Bar,Sprinkle (Sugar
ZonePerfect Macros Bar,Vegetable Juices
ZonePerfect Nutrition Bar,Nonfat Milk Powder
ZonePerfect Nutrition Bar,Chocolate Flavored Coating (Sugar
ZonePerfect Nutrition Bar,Glycerine. Less than 2% of the Following: Fructose
ZonePerfect Nutrition Bar,Roasted Cashews (Cashews
ZonePerfect Nutrition Bar,Cocoa (Processed with Alkali). Less than 2% of the Following: High Oleic Safflower and/or High Oleic Sunflower Oil
ZonePerfect Nutrition Bar,Vanilla)
ZonePerfect Nutrition Bar,Dextrose
ZonePerfect Nutrition Bar,Whey Powder
ZonePerfect Nutrition Bar,Tocopherol
ZonePerfect Nutrition Bar,Chocolate Powder (Natural Cocoa Powder
ZonePerfect Nutrition Bar,Chocolate Drops (Sugar
ZonePerfect Nutrition Bar,Sweetened Condensed Milk
ZonePerfect Nutrition Bar,Pasteurized Whole Egg Powder
ZonePerfect Nutrition Bar,Brown Sugar. Less than 2% of the Following: Natural Flavor
ZonePerfect Nutrition Bar,Wheat Fiber
ZonePerfect Nutrition Bar,Brown Rice Syrup
ZonePerfect Nutrition Bar,Yeast)
ZonePerfect Nutrition Bar,Glycerine. Less than 2% of the Following: Natural Flavor
ZonePerfect Nutrition Bar,Natural Cocoa
ZonePerfect Nutrition Bar,Fructose Syrup
ZonePerfect Nutrition Bar,Whey Protein Isolate
ZonePerfect Nutrition Bar,Peanuts. Less than 2% of the Following: Soy Protein Isolate
ZonePerfect Nutrition Bar,Soy Protein Nuggets (Isolated Soy Protein
ZonePerfect Nutrition Bar,Ascorbyl Palmitate)
ZonePerfect Nutrition Bar,Glycerol
ZonePerfect Nutrition Bar,Glazed Pecans (Sugar
ZonePerfect Nutrition Bar,Natural Vanilla Flavor)
ZonePerfect Nutrition Bar,Invert Sugar
ZonePerfect Nutrition Bar,Baking Soda)
ZonePerfect Nutrition Bar,and Cocoa (Processed with Alkali).                        
ZonePerfect Nutrition Bar,Butter
ZonePerfect Nutrition Bar,Caramel Layer (Corn Syrup
ZonePerfect Nutrition Bar,Caramel (Corn Syrup
ZonePerfect Nutrition Bar,Pecans
ZonePerfect Nutrition Bar,Fructose. Less than 2% of the Following: Glycerine
ZonePerfect Nutrition Bar,Cocoa Fructose (Fructose
ZonePerfect Nutrition Bar,Soybean Lecithin
ZonePerfect Nutrition Bar,Sweet Cream Layer (Corn Syrup
ZonePerfect Nutrition Bar,Nonfat Yogurt Powder [Cultured With Nonfat Milk]
ZonePerfect Nutrition Bar,Whole Milk Powder
ZonePerfect Nutrition Bar,Strawberry Flavored Cranberries (Cranberries
ZonePerfect Nutrition Bar,Pretzels (Enriched Wheat Flour
ZonePerfect Nutrition Bar,Peanuts. Less than 2% of the Following: Glycerine
ZonePerfect Nutrition Bar,Carob Seed Gum
ZonePerfect Nutrition Bar,Natural Strawberry Flavor With Other Natural Flavors
ZonePerfect Nutrition Bar,Cocoa Powder
ZonePerfect Nutrition Bar,Niacin
ZonePerfect Nutrition Bar,Carob Seed Gum)
ZonePerfect Nutrition Bar,Cane Syrup Crystals
ZonePerfect Nutrition Bar,Chocolate Cookie Pieces (Wheat Flour
ZonePerfect Nutrition Bar,Lecithin
ZonePerfect Nutrition Bar,Milk Fat
ZonePerfect Nutrition Bar,Dark Chocolate Layer (Corn Syrup
ZonePerfect Nutrition Bar,[Wheat Starch
ZonePerfect Nutrition Bar,Glycerine. Less than 2% of the Following: High Oleic Safflower Oil
ZonePerfect Nutrition Bar,Lactic Acid
ZonePerfect Nutrition Bar,Roasted Almonds
ZonePerfect Nutrition Bar,Milk Chocolate Drops (Sugar
ZonePerfect Nutrition Bar,Palm Oil
ZonePerfect Nutrition Bar,Apple Strawberry Pieces (Fruit [Apple Puree Concentrate
ZonePerfect Nutrition Bar,Butter Powder (Butter [Cream
ZonePerfect Nutrition Bar,Crystalline Fructose
ZonePerfect Nutrition Bar,Soy Lecithin [An Emulsifier]
ZonePerfect Nutrition Bar,Elderberry Concentrate). Less than 2% of the Following: Guar Gum
ZonePerfect Nutrition Bar,High Oleic Safflower and/or High Oleic Sunflower Oil. Less than 2% of the Following: Glycerine
ZonePerfect Nutrition Bar,Disodium Phosphate)
ZonePerfect Nutrition Bar,Butter (Cream
ZonePerfect Nutrition Bar,Gum Arabic)
ZonePerfect Nutrition Bar,Glycerine. Less than 2% of the Following: High Oleic Safflower Oil and/or High Oleic Sunflower Oil
ZonePerfect Nutrition Bar,Elderberry Juice Concentrate)
ZonePerfect Nutrition Bar,Acacia Gum
ZonePerfect Nutrition Bar,Yogurt Flavored Coating (Dried Cane Syrup
ZonePerfect Nutrition Bar,Salted Butter
ZonePerfect Nutrition Bar,Chocolate Chunks (Sugar
ZonePerfect Nutrition Bar,Chocolate Layer (Corn Syrup
ZonePerfect Nutrition Bar,Marshmallow Pieces (Sugar
ZonePerfect Nutrition Bar,Chocolate Cookie Pieces (Bleached Wheat Flour
ZonePerfect Nutrition Bar,Sodium Bicarbonate). Less than 2% of the Following: Fructooligosaccharides
ZonePerfect Nutrition Bar,Peanut Butter Fudge (Corn Syrup
ZonePerfect Nutrition Bar,Malt
ZonePerfect Nutrition Bar,Folic Acid]
ZonePerfect Nutrition Bar,Palm Fat
ZonePerfect Nutrition Bar,Peanut Oil
ZonePerfect Nutrition Bar,Unsweetened Chocolate
ZonePerfect Nutrition Bar,Brown Sugar
ZonePerfect Nutrition Bar,Beta-Carotene)
ZonePerfect Nutrition Bar,Strawberry Juice Concentrate]
ZonePerfect Nutrition Bar,Reduced Iron
ZonePerfect Nutrition Bar,Milk Protein [Total Milk Protein with Whey Protein Concentrate]
ZonePerfect Nutrition Bar,Pectin
ZonePerfect Nutrition Bar,Natural Chocolate Liquor
ZonePerfect Nutrition Bar,Peanut Butter [Peanuts
ZonePerfect Nutrition Bar,Confectionary Drops (Sugar
ZonePerfect Nutrition Bar,Organic Dried Cane Syrup
ZonePerfect Nutrition Bar,Thiamin Mononitrate
